state_index,repetition,source_identity,scenario,seed,status,latency_s,input_tokens,cached_input_tokens,output_tokens,estimated_input_tokens,output_sha256,state_mean_agent_modal_agreement,state_unique_exact_outputs,state_valid_repetitions,state_all_repetitions_valid
0,0,S0_agentic_governed_2112|8|7b21f7ae0f34a7a3a30564574fca03c06f0c7606760acaa196d780479a5ba839,S0,2112,ok,3.845981162001408,2909,1792,398,3162.0,7b725937040a0732814b67cd8e5518c1fd517f4bbce102739c6b34d6d25c2228,0.325,5,5,True
0,1,S0_agentic_governed_2112|8|7b21f7ae0f34a7a3a30564574fca03c06f0c7606760acaa196d780479a5ba839,S0,2112,ok,3.385919237000053,2909,1792,406,3162.0,615759069f638946d3182c4a9ec06b15efd844e7ca5fa58ae7ed4d55cdb3037d,0.325,5,5,True
0,2,S0_agentic_governed_2112|8|7b21f7ae0f34a7a3a30564574fca03c06f0c7606760acaa196d780479a5ba839,S0,2112,ok,3.2577208389993757,2909,1792,394,3162.0,1db83f21c0b440d5c50b8cadf667f82c42e0817e2224419a0bb71d71e7f79373,0.325,5,5,True
0,3,S0_agentic_governed_2112|8|7b21f7ae0f34a7a3a30564574fca03c06f0c7606760acaa196d780479a5ba839,S0,2112,ok,3.8362898790001054,2909,1792,399,3162.0,198ee4c3092a54e94e79b5d99069ff97b7fb81314574ca019e7ec2594f6b2871,0.325,5,5,True
0,4,S0_agentic_governed_2112|8|7b21f7ae0f34a7a3a30564574fca03c06f0c7606760acaa196d780479a5ba839,S0,2112,ok,3.5808343999997305,2909,1792,400,3162.0,33256b86529d5808f7e6711e04f664b4413014b1257c319911271e6d1cd66128,0.325,5,5,True
1,0,S1_agentic_governed_3105|26|2a781763cd9c151da0097ae44373c26619484cc662f0be391cfacdd93a3fe611,S1,3105,ok,3.451183569999557,2907,1792,395,3160.0,eb83658161204a6de8b9a1407b764fdaefcbea9a8a94e2704fa86e7454ffde31,0.75,5,5,True
1,1,S1_agentic_governed_3105|26|2a781763cd9c151da0097ae44373c26619484cc662f0be391cfacdd93a3fe611,S1,3105,ok,3.3705670630006352,2907,1792,401,3160.0,3d3eab8a976110b6a6f461df2534dd09e08cfc98159b4110706c469068f19df2,0.75,5,5,True
1,2,S1_agentic_governed_3105|26|2a781763cd9c151da0097ae44373c26619484cc662f0be391cfacdd93a3fe611,S1,3105,ok,5.688197284001944,2907,1792,395,3160.0,74657be06a8629d2beb0f8bc600006448387948242519ec400fe58d87cdc186c,0.75,5,5,True
1,3,S1_agentic_governed_3105|26|2a781763cd9c151da0097ae44373c26619484cc662f0be391cfacdd93a3fe611,S1,3105,ok,3.2862302220019046,2907,1792,396,3160.0,4b5692042c086a51718efc067dbf3da0b1d1858a2e74c657a50176da5df19d31,0.75,5,5,True
1,4,S1_agentic_governed_3105|26|2a781763cd9c151da0097ae44373c26619484cc662f0be391cfacdd93a3fe611,S1,3105,ok,3.644071292997978,2907,1792,393,3160.0,fcc0ab6169be54de1a888da7bbd4b1be8d09fa23a2042a9345f8942cce0f8eee,0.75,5,5,True
2,0,S2_agentic_governed_2112|13|e381f27575a3cc2c6a73ab5145ec9891324c90d41cd147ab5fbc2e2ff2ce73c0,S2,2112,ok,3.8382418230030453,2914,2816,401,3167.0,171ad520b2da6c0a962c42456ed2fb37d88038476ea7c339b7ac605ead057f85,0.65,5,5,True
2,1,S2_agentic_governed_2112|13|e381f27575a3cc2c6a73ab5145ec9891324c90d41cd147ab5fbc2e2ff2ce73c0,S2,2112,ok,2.9682397649994527,2914,2816,402,3167.0,e3daee9ce2e3b7fe5202b5ef64bd55656c0da8676be6628071982a90a7dc6104,0.65,5,5,True
2,2,S2_agentic_governed_2112|13|e381f27575a3cc2c6a73ab5145ec9891324c90d41cd147ab5fbc2e2ff2ce73c0,S2,2112,ok,3.0700543360035226,2914,2816,397,3167.0,5183909c40884beaaedb2ac753ff11d9fcdc20bff231bbd3c4a0ecd25dd0eaa1,0.65,5,5,True
2,3,S2_agentic_governed_2112|13|e381f27575a3cc2c6a73ab5145ec9891324c90d41cd147ab5fbc2e2ff2ce73c0,S2,2112,ok,4.735393316997943,2914,2816,397,3167.0,607ef4f252389a891868f7cbf6f0bc44eaacfcf8f010bd148f55c22606324526,0.65,5,5,True
2,4,S2_agentic_governed_2112|13|e381f27575a3cc2c6a73ab5145ec9891324c90d41cd147ab5fbc2e2ff2ce73c0,S2,2112,ok,3.1460617290031223,2914,2816,398,3167.0,db8deaf8015df3f24e80e2704f541e85b8274251d47f727c19cdcee9139a8458,0.65,5,5,True
3,0,S2_agentic_governed_2105|14|87c8f34c9274deb93ecba96902c5aa5d1b73b7767487419f4afa08336d09bb93,S2,2105,InvalidSupervisorResponseError,3.1712967370003753,2915,2816,389,,,0.225,2,2,False
3,1,S2_agentic_governed_2105|14|87c8f34c9274deb93ecba96902c5aa5d1b73b7767487419f4afa08336d09bb93,S2,2105,ok,6.590048237998417,2915,2816,403,3168.0,b4c6fa9decd7eb60e2d100e74c12c1c0aacb8e9d2dbdf56b3c89638687842cb2,0.225,2,2,False
3,2,S2_agentic_governed_2105|14|87c8f34c9274deb93ecba96902c5aa5d1b73b7767487419f4afa08336d09bb93,S2,2105,InvalidSupervisorResponseError,4.385672361997422,2915,2816,387,,,0.225,2,2,False
3,3,S2_agentic_governed_2105|14|87c8f34c9274deb93ecba96902c5aa5d1b73b7767487419f4afa08336d09bb93,S2,2105,InvalidSupervisorResponseError,4.247187501001463,2915,2816,392,,,0.225,2,2,False
3,4,S2_agentic_governed_2105|14|87c8f34c9274deb93ecba96902c5aa5d1b73b7767487419f4afa08336d09bb93,S2,2105,ok,3.098561710998183,2915,2816,404,3168.0,5ee00b72e186fa1ff5f87bdf8799fe02d2b073ff2093a8fcf88bcc32f8f76709,0.225,2,2,False
4,0,S2_agentic_governed_2103|10|ab13c43f544ed50a947982ec2f01e59f9de796242328d9ef9ffe6b8cfe5ba702,S2,2103,ok,3.12865823500033,2914,0,395,3167.0,16cc10a44e7776a79c17a393d5c55034bfc9e4bd5b526fb0267df8c810871a98,0.625,5,5,True
4,1,S2_agentic_governed_2103|10|ab13c43f544ed50a947982ec2f01e59f9de796242328d9ef9ffe6b8cfe5ba702,S2,2103,ok,3.112450505999732,2914,0,400,3167.0,92e7214f5efc4b515e840a9298ee3aa568ddcead56b38395500527ec08426243,0.625,5,5,True
4,2,S2_agentic_governed_2103|10|ab13c43f544ed50a947982ec2f01e59f9de796242328d9ef9ffe6b8cfe5ba702,S2,2103,ok,3.4989660559986078,2914,2816,399,3167.0,768e6fa7983bf8d2ce957fde6ed07849dccc152aed0aa0606e4579bdd4b5563c,0.625,5,5,True
4,3,S2_agentic_governed_2103|10|ab13c43f544ed50a947982ec2f01e59f9de796242328d9ef9ffe6b8cfe5ba702,S2,2103,ok,3.591565138001897,2914,2816,398,3167.0,1208e59e20a18406320120b29c82e8d990db97c4c819c88d3a559b1d3e34993c,0.625,5,5,True
4,4,S2_agentic_governed_2103|10|ab13c43f544ed50a947982ec2f01e59f9de796242328d9ef9ffe6b8cfe5ba702,S2,2103,ok,3.659364387000096,2914,2816,395,3167.0,0a2dd3fa5f80f3eb7c0da36abf1f06ac1a177e6bc35c0a4a949f41e4199233b4,0.625,5,5,True
5,0,S3_agentic_governed_2119|11|c267a0330c66c100306789bded76ee1882e981b1d19d1ba48f730c270d9120b5,S3,2119,ok,3.3296407340021688,2839,0,406,3092.0,d841fca4e08e6aca4608af53dfb017734b81329947485ea80b961225e4bc31a0,0.775,4,5,True
5,1,S3_agentic_governed_2119|11|c267a0330c66c100306789bded76ee1882e981b1d19d1ba48f730c270d9120b5,S3,2119,ok,3.6251728070019453,2839,1792,407,3092.0,58c144fa055601dc90e9f0bb8abd548c36d118247cfeebfaad87d7d5077f6fde,0.775,4,5,True
5,2,S3_agentic_governed_2119|11|c267a0330c66c100306789bded76ee1882e981b1d19d1ba48f730c270d9120b5,S3,2119,ok,3.478993934997561,2839,1792,407,3092.0,3990cb7a75b186d811fb5ded15bcfb172b57d64c5e47a7022be53f0ef295b8ac,0.775,4,5,True
5,3,S3_agentic_governed_2119|11|c267a0330c66c100306789bded76ee1882e981b1d19d1ba48f730c270d9120b5,S3,2119,ok,3.465794903000642,2839,1792,407,3092.0,938cfaaa3052a245f62a7f5d003f8fc3289286aea2897b5897ccae45066ab4bb,0.775,4,5,True
5,4,S3_agentic_governed_2119|11|c267a0330c66c100306789bded76ee1882e981b1d19d1ba48f730c270d9120b5,S3,2119,ok,4.211050455000077,2839,1792,407,3092.0,938cfaaa3052a245f62a7f5d003f8fc3289286aea2897b5897ccae45066ab4bb,0.775,4,5,True
6,0,S3_agentic_governed_2118|14|0a0adc6e3fcab160c417c83ac754ce5c08640787374815f6f79e011180bef964,S3,2118,ok,3.274177133000194,2911,0,402,3164.0,1a82beccacdffff7036d6e1fe9b6bcee76e03b69d499afc123d502c7383d4601,0.6,5,5,True
6,1,S3_agentic_governed_2118|14|0a0adc6e3fcab160c417c83ac754ce5c08640787374815f6f79e011180bef964,S3,2118,ok,3.147942925003008,2911,2816,404,3164.0,3e67a3222b3090228c38991c36a2f66c1766a71b5d63a51a1b57365b8168d8cc,0.6,5,5,True
6,2,S3_agentic_governed_2118|14|0a0adc6e3fcab160c417c83ac754ce5c08640787374815f6f79e011180bef964,S3,2118,ok,2.982223380000505,2911,2816,403,3164.0,bbe80c49184902aff5ec76ff3e25115ccf72f69adcbe04a66478db2e57f5c5fa,0.6,5,5,True
6,3,S3_agentic_governed_2118|14|0a0adc6e3fcab160c417c83ac754ce5c08640787374815f6f79e011180bef964,S3,2118,ok,4.473877290998644,2911,2816,403,3164.0,524e649171ecf78727013aab1e78f69d81d3bd53d921547f6f81763bae2d2410,0.6,5,5,True
6,4,S3_agentic_governed_2118|14|0a0adc6e3fcab160c417c83ac754ce5c08640787374815f6f79e011180bef964,S3,2118,ok,2.9940559140013647,2911,2816,401,3164.0,ab1e8b0c36303ddb975c0de0055171570759c1cd8ffc9b7198ea5d4c465b3bec,0.6,5,5,True
7,0,S3_agentic_governed_2106|9|bc190c8e956e7fe07f219b28e58ed45dad6aec8d6e52c5082a4f1f0882e73b48,S3,2106,ok,3.3911438710019866,2849,0,397,3102.0,1b2fe74982c4680e2b4ab6114ebabcb7394c2a15cf34781e7af56a69a2fa44ff,0.375,5,5,True
7,1,S3_agentic_governed_2106|9|bc190c8e956e7fe07f219b28e58ed45dad6aec8d6e52c5082a4f1f0882e73b48,S3,2106,ok,2.970743442998355,2849,1792,400,3102.0,b8946b8244f85fa87965a0f4acaf6c4e098493667dec0ebeb69bf5054877a840,0.375,5,5,True
7,2,S3_agentic_governed_2106|9|bc190c8e956e7fe07f219b28e58ed45dad6aec8d6e52c5082a4f1f0882e73b48,S3,2106,ok,2.813128397003311,2849,1792,400,3102.0,b3988758ac1b667349ffed8978308a24f2d957adb2cf40905f97776c82c803fe,0.375,5,5,True
7,3,S3_agentic_governed_2106|9|bc190c8e956e7fe07f219b28e58ed45dad6aec8d6e52c5082a4f1f0882e73b48,S3,2106,ok,4.636467479002022,2849,1792,402,3102.0,a498962884494339a72ad20f36ae53a53dc2deb36be7702bf0ad6e0cd8510a09,0.375,5,5,True
7,4,S3_agentic_governed_2106|9|bc190c8e956e7fe07f219b28e58ed45dad6aec8d6e52c5082a4f1f0882e73b48,S3,2106,ok,3.458619417000591,2849,1792,397,3102.0,651406e6d7fd53af560a28e4af6f6d3bf24e8b777edda093fd31be491fa3f560,0.375,5,5,True
8,0,S3_agentic_governed_2107|10|581a63d19e5d2c139881bd4cce5982d48100abbaeb7ba8a1faf840a0281f8f83,S3,2107,ok,3.778965168996365,2914,0,397,3167.0,84a832330f865dd46c55a6c89396df7e77a7576b94fe39799d111906505e6467,0.325,5,5,True
8,1,S3_agentic_governed_2107|10|581a63d19e5d2c139881bd4cce5982d48100abbaeb7ba8a1faf840a0281f8f83,S3,2107,ok,3.321034292002878,2914,2816,397,3167.0,6f8b26cf1769f5c502128d997e4a46f757c9cbac4c57d4147a6b177935fa5fa0,0.325,5,5,True
8,2,S3_agentic_governed_2107|10|581a63d19e5d2c139881bd4cce5982d48100abbaeb7ba8a1faf840a0281f8f83,S3,2107,ok,5.733691338002245,2914,2816,399,3167.0,513d7927f23df5c4b436f6017164e003ff390ebc8b64d85e2bea475ecd48a931,0.325,5,5,True
8,3,S3_agentic_governed_2107|10|581a63d19e5d2c139881bd4cce5982d48100abbaeb7ba8a1faf840a0281f8f83,S3,2107,ok,3.840800666999712,2914,2816,399,3167.0,6c6dd4c96c9fe3675aad71fb5e901742c33a6b325485b6658731691b5fa1afdb,0.325,5,5,True
8,4,S3_agentic_governed_2107|10|581a63d19e5d2c139881bd4cce5982d48100abbaeb7ba8a1faf840a0281f8f83,S3,2107,ok,3.4235488240010454,2914,2816,399,3167.0,840ee94a9650f6ca8983fca2931f76a68bc02ed9360d56a968c7c9f0bb7b8776,0.325,5,5,True
9,0,S4_agentic_governed_3106|11|fb61108a06f05c8aacf064717c8354e6c5d87d4758b6d58829a963b44343ff11,S4,3106,ok,4.094794872999046,2788,0,407,3040.0,b6e57c01f234cb3395c960f328b8d7ca6ffde419deab0265dccac6653d2acbb5,0.55,5,5,True
9,1,S4_agentic_governed_3106|11|fb61108a06f05c8aacf064717c8354e6c5d87d4758b6d58829a963b44343ff11,S4,3106,ok,3.663932229999773,2788,1792,403,3040.0,d84d3266701390ec77992c766f935a37dc6aee64bcca3bd70a71814611da3582,0.55,5,5,True
9,2,S4_agentic_governed_3106|11|fb61108a06f05c8aacf064717c8354e6c5d87d4758b6d58829a963b44343ff11,S4,3106,ok,3.397822582999652,2788,1792,405,3040.0,a4190692c5f919afec5977c5275aea408d4818bbe83f6ae9b0b634e36ad8a0aa,0.55,5,5,True
9,3,S4_agentic_governed_3106|11|fb61108a06f05c8aacf064717c8354e6c5d87d4758b6d58829a963b44343ff11,S4,3106,ok,3.275872520000121,2788,1792,407,3040.0,dca10952fdbbe4b055020de8c77d8472e0de6ee1ba0bc8f6032543cfc337bab2,0.55,5,5,True
9,4,S4_agentic_governed_3106|11|fb61108a06f05c8aacf064717c8354e6c5d87d4758b6d58829a963b44343ff11,S4,3106,ok,4.094398077999358,2788,1792,407,3040.0,46b00d127b041206e6fa9efd7131b8a0293a8f1161736857073d11aec8b0bc53,0.55,5,5,True
10,0,S4_agentic_governed_3104|15|52ddd00c51a53e412527f2edef18073a846a1afa4191924710efed388092794f,S4,3104,ok,3.0678458779984794,2914,0,397,3167.0,f3f9bd0a6c924108e866a6594e01fbaf5b764e586aa5cd2e7919b97fecb91dc9,0.375,5,5,True
10,1,S4_agentic_governed_3104|15|52ddd00c51a53e412527f2edef18073a846a1afa4191924710efed388092794f,S4,3104,ok,3.276693585998146,2914,2816,401,3167.0,76e52b0c40b60e4b7e829babbee98dff38e508e5e6442bfb78d7e4339c8341ae,0.375,5,5,True
10,2,S4_agentic_governed_3104|15|52ddd00c51a53e412527f2edef18073a846a1afa4191924710efed388092794f,S4,3104,ok,4.197051265000482,2914,2816,399,3167.0,1cba360c97d662b6e99f5c5f72be340c48e457760da1d66e8072903b55015a72,0.375,5,5,True
10,3,S4_agentic_governed_3104|15|52ddd00c51a53e412527f2edef18073a846a1afa4191924710efed388092794f,S4,3104,ok,3.580218839000736,2914,2816,403,3167.0,a57914adbf7472896b1f76c5472a58a70b12f580eb046e91d9dde249f4b6aea0,0.375,5,5,True
10,4,S4_agentic_governed_3104|15|52ddd00c51a53e412527f2edef18073a846a1afa4191924710efed388092794f,S4,3104,ok,5.117975220000517,2914,2816,403,3167.0,bdc010a06ef4088dff3ac92e77129b25d36fda16dec44a7e689a2211844f2d08,0.375,5,5,True
11,0,S4_agentic_governed_3110|13|d066fbc862dcdacde06af1635a548450bb21a3e683230d8429bf9d0cec8668cb,S4,3110,ok,3.6963989340001717,2904,0,403,3157.0,537821d7b4f8593307f327c13f263ec673466c48ef142fb6eecc06f581d54055,0.575,5,5,True
11,1,S4_agentic_governed_3110|13|d066fbc862dcdacde06af1635a548450bb21a3e683230d8429bf9d0cec8668cb,S4,3110,ok,3.7751697130006505,2904,1792,405,3157.0,1f2f49c86e39d007d6e6555d14d954ec6f48519a804aef2c2d62066f5a678a2e,0.575,5,5,True
11,2,S4_agentic_governed_3110|13|d066fbc862dcdacde06af1635a548450bb21a3e683230d8429bf9d0cec8668cb,S4,3110,ok,3.17213956300111,2904,1792,402,3157.0,d0839a3dea9223ed95e7ee6a086f1e0702cc6f834aabc39dd93b2783ca562649,0.575,5,5,True
11,3,S4_agentic_governed_3110|13|d066fbc862dcdacde06af1635a548450bb21a3e683230d8429bf9d0cec8668cb,S4,3110,ok,3.318109405001451,2904,1792,405,3157.0,902020891180bb1e70cd8e6c9bd3a0173cb9df184caf2c416e34285db0245af7,0.575,5,5,True
11,4,S4_agentic_governed_3110|13|d066fbc862dcdacde06af1635a548450bb21a3e683230d8429bf9d0cec8668cb,S4,3110,ok,3.2302615759981563,2904,1792,403,3157.0,113f238ef870efb14a975d386ed47919f511d9734ff0490a2287f90e13153831,0.575,5,5,True
12,0,S4_agentic_governed_3110|17|02866b15e05b64c90573368977b88a95bbedf31f5a01227fcbf3b4cb80b20245,S4,3110,ok,3.351269054997829,2913,0,403,3166.0,e8a7c984bb81d5672ed9e5572295417f77252f045a10d83356b295adf2920cba,0.42500000000000004,5,5,True
12,1,S4_agentic_governed_3110|17|02866b15e05b64c90573368977b88a95bbedf31f5a01227fcbf3b4cb80b20245,S4,3110,ok,4.345256458000222,2913,2816,405,3166.0,5fbcb9adc64899035d7ea6c50b6002996ecd1b0a116b6a2b153e3d3cf4180880,0.42500000000000004,5,5,True
12,2,S4_agentic_governed_3110|17|02866b15e05b64c90573368977b88a95bbedf31f5a01227fcbf3b4cb80b20245,S4,3110,ok,3.970587872001488,2913,2816,405,3166.0,bf7b6092a5dec8d002e5587275144e369097e9c465cedf1abcc4f4eaaa5478f2,0.42500000000000004,5,5,True
12,3,S4_agentic_governed_3110|17|02866b15e05b64c90573368977b88a95bbedf31f5a01227fcbf3b4cb80b20245,S4,3110,ok,3.229806319999625,2913,2816,406,3166.0,f4b7ccc5c8e68a09a8830e485673e7891e56ece8a6e506506881023755da4641,0.42500000000000004,5,5,True
12,4,S4_agentic_governed_3110|17|02866b15e05b64c90573368977b88a95bbedf31f5a01227fcbf3b4cb80b20245,S4,3110,ok,3.114685806001944,2913,2816,404,3166.0,bf8be365954f08f0c2facd87d01547fc83081940170402c4a0d33aefcc68da1d,0.42500000000000004,5,5,True
13,0,S4_agentic_governed_3103|10|6a47f7b905eefa380ca2117a39bb9aa3de005d38c048ad341c2ca13ab8c422e5,S4,3103,ok,4.211772872000438,2912,0,398,3165.0,0111d81d7d69a133a4a4e0959bd21f710f18486a7082808096054f914af4e23e,0.45,5,5,True
13,1,S4_agentic_governed_3103|10|6a47f7b905eefa380ca2117a39bb9aa3de005d38c048ad341c2ca13ab8c422e5,S4,3103,ok,3.0483381640005973,2912,2816,401,3165.0,9f54eefb6ba7e971593f23972d557be2be0a64ebbddb352b1d59a037dd26e0a5,0.45,5,5,True
13,2,S4_agentic_governed_3103|10|6a47f7b905eefa380ca2117a39bb9aa3de005d38c048ad341c2ca13ab8c422e5,S4,3103,ok,3.087363130001904,2912,2816,399,3165.0,d8d7aa168d0fcd92c0d302ff3a4369c0186b98092e16ac29d3a1ba036f89c823,0.45,5,5,True
13,3,S4_agentic_governed_3103|10|6a47f7b905eefa380ca2117a39bb9aa3de005d38c048ad341c2ca13ab8c422e5,S4,3103,ok,3.4304238129989244,2912,2816,400,3165.0,db4f951da9072fdf456585164468f6afdd74f05e2bae55a497926e496f53a010,0.45,5,5,True
13,4,S4_agentic_governed_3103|10|6a47f7b905eefa380ca2117a39bb9aa3de005d38c048ad341c2ca13ab8c422e5,S4,3103,ok,2.9577528729969345,2912,2816,399,3165.0,c9af0cc3430327c7d563a444ccb254a1748fbd6398f30f0f969631e30cfe518f,0.45,5,5,True
14,0,S4_agentic_governed_3108|14|294e1a58917a20d5303a9f94a3ed333eaf937ce4a58a7b876536f69b30678a4d,S4,3108,ok,3.197525057999883,2893,0,405,3146.0,2dcc9746711cfa633f6c85a773b35d7ab1295a41d043d7c8a603b019583df7cc,0.5750000000000001,5,5,True
14,1,S4_agentic_governed_3108|14|294e1a58917a20d5303a9f94a3ed333eaf937ce4a58a7b876536f69b30678a4d,S4,3108,ok,3.62967771699914,2893,1792,403,3146.0,40bcfef90bdb9d19ac0d00b6acc7fe4db3f41e964095a181b83e28152d552226,0.5750000000000001,5,5,True
14,2,S4_agentic_governed_3108|14|294e1a58917a20d5303a9f94a3ed333eaf937ce4a58a7b876536f69b30678a4d,S4,3108,ok,3.039258233999135,2893,1792,402,3146.0,f27d84c27cfbf604daf5bab5f4ec3bafb01a3a3057725585cbfd38c531230b8e,0.5750000000000001,5,5,True
14,3,S4_agentic_governed_3108|14|294e1a58917a20d5303a9f94a3ed333eaf937ce4a58a7b876536f69b30678a4d,S4,3108,ok,3.1045551110000815,2893,1792,402,3146.0,9f45bef1441c8ee30434b829531614608c95da487ef2e858ef6947c6aa0a3bba,0.5750000000000001,5,5,True
14,4,S4_agentic_governed_3108|14|294e1a58917a20d5303a9f94a3ed333eaf937ce4a58a7b876536f69b30678a4d,S4,3108,ok,3.125241396999627,2893,1792,405,3146.0,89587d6746558555d1abf70f5195b8998451a07f3d4c304cf9ee4e806ea88988,0.5750000000000001,5,5,True
15,0,S0_agentic_governed_2107|29|7e75a0f6af5da011fab7121f4a4631a3f7a6428616871ca98e41c564348b7133,S0,2107,ok,3.4920019889977993,2903,0,396,3156.0,bcde87046f8ec0ca7b006fe76b705072772a30acb52270906707fc58e992edf9,0.75,5,5,True
15,1,S0_agentic_governed_2107|29|7e75a0f6af5da011fab7121f4a4631a3f7a6428616871ca98e41c564348b7133,S0,2107,ok,3.2762409720016876,2903,0,399,3156.0,b1ac1b420e0579cf33e542a5dda212ce15b622b527b3c12587f2a5e48b1d5b83,0.75,5,5,True
15,2,S0_agentic_governed_2107|29|7e75a0f6af5da011fab7121f4a4631a3f7a6428616871ca98e41c564348b7133,S0,2107,ok,3.681270253000548,2903,1792,395,3156.0,a95b2030ab266fc46e151085dc0f98f04126bc94957ee694edbd19600a0c8086,0.75,5,5,True
15,3,S0_agentic_governed_2107|29|7e75a0f6af5da011fab7121f4a4631a3f7a6428616871ca98e41c564348b7133,S0,2107,ok,3.519712362001883,2903,1792,395,3156.0,edf3aa19bf1c90cd83e30676e3e82258f0853271903453232dc691fd31986c83,0.75,5,5,True
15,4,S0_agentic_governed_2107|29|7e75a0f6af5da011fab7121f4a4631a3f7a6428616871ca98e41c564348b7133,S0,2107,ok,3.274838102999638,2903,1792,394,3156.0,bf386329351a6e3644854d07cc290e41fce884ce969b45a7dd34a94ca3a365fd,0.75,5,5,True
16,0,S1_agentic_governed_3108|21|fde41f9f846e03030954b067ba1f9c5f201304e89f5ab8a452372baa41c3f2b3,S1,3108,ok,3.5244116520007083,2895,0,397,3148.0,424514f293713a6d68a89ce98e41dea7d8b928d0b83128942987cc82d4b7c532,0.5,5,5,True
16,1,S1_agentic_governed_3108|21|fde41f9f846e03030954b067ba1f9c5f201304e89f5ab8a452372baa41c3f2b3,S1,3108,ok,3.0961046069969598,2895,1792,397,3148.0,6526f3fe275bc11e655c515d6bdaba993646d45c0e2c8c28ad9cae9d04716118,0.5,5,5,True
16,2,S1_agentic_governed_3108|21|fde41f9f846e03030954b067ba1f9c5f201304e89f5ab8a452372baa41c3f2b3,S1,3108,ok,2.967790849001176,2895,1792,397,3148.0,f87c9371316a76d82a581a6481b7230ba1519d7f0c171dcc4f39cc446e837968,0.5,5,5,True
16,3,S1_agentic_governed_3108|21|fde41f9f846e03030954b067ba1f9c5f201304e89f5ab8a452372baa41c3f2b3,S1,3108,ok,3.7422867239984043,2895,1792,401,3148.0,fe06745ed153c1eada5a0226cdb1ccdf02c144d88f7d9303c5303c96287e02ab,0.5,5,5,True
16,4,S1_agentic_governed_3108|21|fde41f9f846e03030954b067ba1f9c5f201304e89f5ab8a452372baa41c3f2b3,S1,3108,ok,4.793580272998952,2895,1792,401,3148.0,6fc5ed6ec659f6c376aed39012eeff59c6aa1672fc9d7dacc103118be7fadf29,0.5,5,5,True
17,0,S2_agentic_governed_2102|13|e184b480dedf1dac5a1095a7aa5ba97a4e35a18384ac88540f46429350099ab9,S2,2102,ok,3.499236756000755,2907,0,399,3160.0,f8bd5c4801a52f3f0199f59f2dbd449428a4f14e69a60f5f54d317eef04ba966,0.5,5,5,True
17,1,S2_agentic_governed_2102|13|e184b480dedf1dac5a1095a7aa5ba97a4e35a18384ac88540f46429350099ab9,S2,2102,ok,3.1685496059981233,2907,1792,401,3160.0,5c99093bf6da10bfea711f44b9a0dc891fe53fbd74fb3ee6ea46ecbf19c02503,0.5,5,5,True
17,2,S2_agentic_governed_2102|13|e184b480dedf1dac5a1095a7aa5ba97a4e35a18384ac88540f46429350099ab9,S2,2102,ok,4.206816090998473,2907,1792,401,3160.0,bab36f38f450a589536bd6b146f9cf6371349467692273ea1606ce1aaafa32c2,0.5,5,5,True
17,3,S2_agentic_governed_2102|13|e184b480dedf1dac5a1095a7aa5ba97a4e35a18384ac88540f46429350099ab9,S2,2102,ok,3.806149881998863,2907,1792,397,3160.0,3f2989f86cb9be3dd83406dcc6341a920b08438cdef8ae7c250c5b5155744b1c,0.5,5,5,True
17,4,S2_agentic_governed_2102|13|e184b480dedf1dac5a1095a7aa5ba97a4e35a18384ac88540f46429350099ab9,S2,2102,ok,3.297842872001638,2907,0,401,3160.0,3e2535e73c04e2cb7cdfb3fb2ef502ab109d1c6d81db1ce3b522e93f8988ed4d,0.5,5,5,True
18,0,S2_agentic_governed_2105|27|7c161fa3364c05dab4212441411b170f3ab43b6f036838e67e0e6d75b47802f9,S2,2105,ok,2.9102363450001576,2893,0,397,3146.0,17db3d338521d5559c57e8e693e0425efb1b2c59f70e10c1ee3b9e057f8dfc4e,0.55,5,5,True
18,1,S2_agentic_governed_2105|27|7c161fa3364c05dab4212441411b170f3ab43b6f036838e67e0e6d75b47802f9,S2,2105,ok,13.043824812997627,2893,1792,399,3146.0,b058d05d7dbb01a39243ac577f21fd4e719e9a6d754ae38d6f3ddf08dcde8b41,0.55,5,5,True
18,2,S2_agentic_governed_2105|27|7c161fa3364c05dab4212441411b170f3ab43b6f036838e67e0e6d75b47802f9,S2,2105,ok,3.395088688001124,2893,1792,395,3146.0,ad2b30be5baa2776adc7b345969f79048ebc8e53748615445c4ccb861e7901b0,0.55,5,5,True
18,3,S2_agentic_governed_2105|27|7c161fa3364c05dab4212441411b170f3ab43b6f036838e67e0e6d75b47802f9,S2,2105,ok,2.9719227780005895,2893,1792,397,3146.0,4259d657910a3790312bbfb2023c584583c323ee9b155986a06ef278b582dac0,0.55,5,5,True
18,4,S2_agentic_governed_2105|27|7c161fa3364c05dab4212441411b170f3ab43b6f036838e67e0e6d75b47802f9,S2,2105,ok,3.4672058210016985,2893,0,401,3146.0,fc8ab7307bae73dbeadd4e19ada8638ba1c33163a17e1df0a7da75685aeae1e1,0.55,5,5,True
19,0,S2_agentic_governed_2115|10|0de54d69820f20b375fd8ae655dd45c9224d3165e422712ae9c082bb7aef181a,S2,2115,ok,3.5770940059992427,2909,0,394,3162.0,9fe86a00c48510abb0f2e23dee5342efc9aeb5d589fad2862f79a0eaad3b1e98,0.375,5,5,True
19,1,S2_agentic_governed_2115|10|0de54d69820f20b375fd8ae655dd45c9224d3165e422712ae9c082bb7aef181a,S2,2115,ok,3.059148565000214,2909,1792,399,3162.0,9aa5b2ec2d926b94766bc9070cc9079df4a3763cd2aaf9db3f8ee1cb44419168,0.375,5,5,True
19,2,S2_agentic_governed_2115|10|0de54d69820f20b375fd8ae655dd45c9224d3165e422712ae9c082bb7aef181a,S2,2115,ok,3.1915963259998534,2909,1792,398,3162.0,2d811280ba87c2d362c4ab8b0c0504a632ad28dbbb4206d4acdc77bd1f8b5e74,0.375,5,5,True
19,3,S2_agentic_governed_2115|10|0de54d69820f20b375fd8ae655dd45c9224d3165e422712ae9c082bb7aef181a,S2,2115,ok,3.469614912999532,2909,1792,399,3162.0,84be05efa9c7f77a7669a8e07ad70bda66e2f0d376d28291a4f63aa8ca7dfb6b,0.375,5,5,True
19,4,S2_agentic_governed_2115|10|0de54d69820f20b375fd8ae655dd45c9224d3165e422712ae9c082bb7aef181a,S2,2115,ok,3.370901728998433,2909,1792,398,3162.0,fdde7e30409375db82e5407d60e8c11d8751f45742927d02474273d4e80c6015,0.375,5,5,True
20,0,S3_agentic_governed_2117|11|475c05142e8e1ff3d485c1a79f29f4b28420549d3275d991817b3d996dffe18a,S3,2117,ok,3.5031893090017547,2839,0,407,3092.0,a73bf3e122730b0e5b716d647b44951199bb7f49b846bba7a4ecf4d75343c0dd,0.6,5,5,True
20,1,S3_agentic_governed_2117|11|475c05142e8e1ff3d485c1a79f29f4b28420549d3275d991817b3d996dffe18a,S3,2117,ok,3.4304382640002586,2839,1792,407,3092.0,dc9728df05d752606294b1190f9d9d804084cdcc16582ba3a32434fce105778f,0.6,5,5,True
20,2,S3_agentic_governed_2117|11|475c05142e8e1ff3d485c1a79f29f4b28420549d3275d991817b3d996dffe18a,S3,2117,ok,3.2380737280000176,2839,1792,407,3092.0,ca97bc3f436e4615299208f9da1645a8de2ecff89b198dc325a2b0f3676dc923,0.6,5,5,True
20,3,S3_agentic_governed_2117|11|475c05142e8e1ff3d485c1a79f29f4b28420549d3275d991817b3d996dffe18a,S3,2117,ok,3.070895165001275,2839,1792,407,3092.0,4da830f0eeae6002d8315706b9b49f9b681b7cb92f578417ed2f68940d35dce3,0.6,5,5,True
20,4,S3_agentic_governed_2117|11|475c05142e8e1ff3d485c1a79f29f4b28420549d3275d991817b3d996dffe18a,S3,2117,ok,6.925884511998447,2839,1792,407,3092.0,8c7bf0e7219a4d3cdeea9bcbd3b96903b18d8d1607559ea9dd34a32df2f689f7,0.6,5,5,True
21,0,S3_agentic_governed_2102|14|4bb0821275243e33574e1af2782b9ea76f853fe277c752c291d423e084fe8ccb,S3,2102,ok,3.07205990500006,2908,0,401,3161.0,5685f1902c8fb74ea12561bf1ca73bc920465334caf78a58c772731832bab805,0.375,5,5,True
21,1,S3_agentic_governed_2102|14|4bb0821275243e33574e1af2782b9ea76f853fe277c752c291d423e084fe8ccb,S3,2102,ok,3.541512779000186,2908,1792,398,3161.0,3251559583eb311fbc0a1a3e17ae3ff3b751dd6dd13cbee1c579c669ea933743,0.375,5,5,True
21,2,S3_agentic_governed_2102|14|4bb0821275243e33574e1af2782b9ea76f853fe277c752c291d423e084fe8ccb,S3,2102,ok,3.4168225780013017,2908,1792,404,3161.0,3d844ccfd5e522a1758981df39eb6af8372a02fd13c5dc3d48d264946433f12d,0.375,5,5,True
21,3,S3_agentic_governed_2102|14|4bb0821275243e33574e1af2782b9ea76f853fe277c752c291d423e084fe8ccb,S3,2102,ok,3.069866223002464,2908,1792,401,3161.0,607e5cba981193a5c542abdfe47de995913e06eb933d86b38d958fee5bf7f445,0.375,5,5,True
21,4,S3_agentic_governed_2102|14|4bb0821275243e33574e1af2782b9ea76f853fe277c752c291d423e084fe8ccb,S3,2102,ok,3.0372661300025356,2908,1792,401,3161.0,12333582747571b5f9534705192e4fffa1049c21ad709f214cd50130a2ed1e89,0.375,5,5,True
22,0,S3_agentic_governed_2109|19|fe48f4da60adf2030babec5d83563a783d17f3e2798790400496879806586105,S3,2109,ok,3.475760845998593,2878,0,403,3131.0,2077c7ede3ca956d2302d975c544cf71c1227e9d12ba52dbbd1c83e498ab10a7,0.5,5,5,True
22,1,S3_agentic_governed_2109|19|fe48f4da60adf2030babec5d83563a783d17f3e2798790400496879806586105,S3,2109,ok,2.965482930001599,2878,1792,399,3131.0,f777bf7d00b1a66b895dcd78565358e47841b3d7c8f1701624549513b3a00ae8,0.5,5,5,True
22,2,S3_agentic_governed_2109|19|fe48f4da60adf2030babec5d83563a783d17f3e2798790400496879806586105,S3,2109,ok,4.148106046999601,2878,0,401,3131.0,ca44b5ea145740d424d4aeae0655c6b9cd46c1c582bd1582728bc2052a59c5db,0.5,5,5,True
22,3,S3_agentic_governed_2109|19|fe48f4da60adf2030babec5d83563a783d17f3e2798790400496879806586105,S3,2109,ok,3.2501301419979427,2878,1792,402,3131.0,e9c5db8872cc7cdc68bf2b1461e410f28dbccb9218d9934c77b5235db99db5cd,0.5,5,5,True
22,4,S3_agentic_governed_2109|19|fe48f4da60adf2030babec5d83563a783d17f3e2798790400496879806586105,S3,2109,ok,3.772735680999176,2878,1792,400,3131.0,d9fc261802b05735a1ef3fb22eecf282400262e721795833787f7f125b1d47a4,0.5,5,5,True
23,0,S3_agentic_governed_2119|10|21c2fe7601755b8bd71ca3fd5816da92c58e17a9fd7112bb0dc6648abbbdee65,S3,2119,ok,3.2181861710014346,2908,0,395,3161.0,2c03fb9aff44a4070a67c840442182bc6e758fc934756a7dc3ca21e59344d6c0,0.275,5,5,True
23,1,S3_agentic_governed_2119|10|21c2fe7601755b8bd71ca3fd5816da92c58e17a9fd7112bb0dc6648abbbdee65,S3,2119,ok,3.4352925839993986,2908,1792,397,3161.0,47665a152bc9d51210a3f39e373357b268c3ed95f6b36c9e07bc8cacec54d099,0.275,5,5,True
23,2,S3_agentic_governed_2119|10|21c2fe7601755b8bd71ca3fd5816da92c58e17a9fd7112bb0dc6648abbbdee65,S3,2119,ok,3.6103562989992497,2908,1792,401,3161.0,6fa929be0c085fe722a805e764be302d219fa2f354132215e18f58e7446b32e7,0.275,5,5,True
23,3,S3_agentic_governed_2119|10|21c2fe7601755b8bd71ca3fd5816da92c58e17a9fd7112bb0dc6648abbbdee65,S3,2119,ok,3.215901194998878,2908,1792,398,3161.0,d9a48e631df83912a81a42654affde2ac35c728788f0cefd8ffc3b3d4aa4b3ee,0.275,5,5,True
23,4,S3_agentic_governed_2119|10|21c2fe7601755b8bd71ca3fd5816da92c58e17a9fd7112bb0dc6648abbbdee65,S3,2119,ok,3.0367976990019088,2908,1792,398,3161.0,e98782b887673999b1898b5e23f19c80af3276ce152a2f89e43d8c2c838dc5ad,0.275,5,5,True
24,0,S4_agentic_governed_3104|10|66374540f1bb79a7b620cca0082c5de671a54c0f9a3c3a9ace2d04a668ac0d31,S4,3104,ok,3.6167866199975833,2839,0,403,3092.0,66d7bb4e775655af85a8f0f2eea812ede7177621e86c069765bde1b00332b729,0.5,5,5,True
24,1,S4_agentic_governed_3104|10|66374540f1bb79a7b620cca0082c5de671a54c0f9a3c3a9ace2d04a668ac0d31,S4,3104,ok,4.049360555000021,2839,1792,405,3092.0,13e9e63162c3456be4d5dedd893556dda26d3a11585776844cbf7e4608d5c4e2,0.5,5,5,True
24,2,S4_agentic_governed_3104|10|66374540f1bb79a7b620cca0082c5de671a54c0f9a3c3a9ace2d04a668ac0d31,S4,3104,ok,3.3852559750012006,2839,1792,407,3092.0,1bb221b58c0aab69f65a4fa8de9bfa724af290e53f5e5f3f0be4e33b2dfef1d4,0.5,5,5,True
24,3,S4_agentic_governed_3104|10|66374540f1bb79a7b620cca0082c5de671a54c0f9a3c3a9ace2d04a668ac0d31,S4,3104,ok,3.407139297996764,2839,1792,407,3092.0,880f76e72f812d2e151f6806b7f03d2a27c2dfc2c23c4f0ad3e86803e2344944,0.5,5,5,True
24,4,S4_agentic_governed_3104|10|66374540f1bb79a7b620cca0082c5de671a54c0f9a3c3a9ace2d04a668ac0d31,S4,3104,ok,3.4435203989996808,2839,1792,407,3092.0,65daa53960b8f9f8ef313bd42f0cdf94b714e4363bcf6e6cf4adeae0395dd830,0.5,5,5,True
25,0,S4_agentic_governed_3105|16|85fc78c2325c1524fbc3e23f71adb2a8d3f74ecc3cabe35206aeecf41e9feaa3,S4,3105,ok,2.9553055690012116,2913,0,405,3166.0,c4e0168a7a44665b373cabfae346d36ad3c19abc35463ace552e6bb41b4887f3,0.275,5,5,True
25,1,S4_agentic_governed_3105|16|85fc78c2325c1524fbc3e23f71adb2a8d3f74ecc3cabe35206aeecf41e9feaa3,S4,3105,ok,4.305437893999624,2913,0,401,3166.0,24b53e7b3bd70c4e2cb0764dcbfb6760d14c027715d1e11506f213b84981e4d5,0.275,5,5,True
25,2,S4_agentic_governed_3105|16|85fc78c2325c1524fbc3e23f71adb2a8d3f74ecc3cabe35206aeecf41e9feaa3,S4,3105,ok,3.465115019997029,2913,2816,404,3166.0,30ce8f1f2d6d254f8f3c595b5096a51bb11d09b42d6233d3d1a63447d65fab69,0.275,5,5,True
25,3,S4_agentic_governed_3105|16|85fc78c2325c1524fbc3e23f71adb2a8d3f74ecc3cabe35206aeecf41e9feaa3,S4,3105,ok,3.2824159349984257,2913,2816,405,3166.0,93b62639b54895fbd27a09969ca436a33c1dc5d396ef3878c69aefa021916286,0.275,5,5,True
25,4,S4_agentic_governed_3105|16|85fc78c2325c1524fbc3e23f71adb2a8d3f74ecc3cabe35206aeecf41e9feaa3,S4,3105,ok,3.276621086999512,2913,2816,404,3166.0,e0f451f73bc7d8e62b7d7c39819210356801d199c0ab98bcdc329a7f90bb169e,0.275,5,5,True
26,0,S4_agentic_governed_3102|13|1dbf34821eef809a85a43f10fbb23421db4e0264906d5b83bb1868b243e5e0ac,S4,3102,ok,3.273060568000801,2904,0,397,3157.0,1d0c8a9a70346bf7b114a0e19058b3eee89eb7a5726c85286f664fbb724e5737,0.45,5,5,True
26,1,S4_agentic_governed_3102|13|1dbf34821eef809a85a43f10fbb23421db4e0264906d5b83bb1868b243e5e0ac,S4,3102,ok,5.235458484999981,2904,1792,402,3157.0,b1738e70e2f74980b22a2c82a7ec9ec9f4f393610f78f66a94d6f7cab752f65b,0.45,5,5,True
26,2,S4_agentic_governed_3102|13|1dbf34821eef809a85a43f10fbb23421db4e0264906d5b83bb1868b243e5e0ac,S4,3102,ok,7.428247364001436,2904,1792,399,3157.0,25505ec2fdbbeca51f74a8758ef05ef61c6a023d4a541f39ec42f1ebe22f624b,0.45,5,5,True
26,3,S4_agentic_governed_3102|13|1dbf34821eef809a85a43f10fbb23421db4e0264906d5b83bb1868b243e5e0ac,S4,3102,ok,3.533586120000109,2904,1792,403,3157.0,0171aa6a7bf0b3fc86a6ccd8af7ec31093e8b7b57964ad9d5c26763f44f3c289,0.45,5,5,True
26,4,S4_agentic_governed_3102|13|1dbf34821eef809a85a43f10fbb23421db4e0264906d5b83bb1868b243e5e0ac,S4,3102,ok,3.316737954002747,2904,1792,399,3157.0,b85e6781e473d12bb85bf957290b9df13e174452c925095b20fb3beeaa3ce16c,0.45,5,5,True
27,0,S4_agentic_governed_3102|15|35e6b18f1b5561d16b2dc51912136fe805d296f856acb27c73d83aa75d55594c,S4,3102,ok,3.171905754999898,2909,0,399,3162.0,7bc8f9d8771520c6b6f3dcb48c62366e695a3aa144308456faee4976c34ae435,0.4,5,5,True
27,1,S4_agentic_governed_3102|15|35e6b18f1b5561d16b2dc51912136fe805d296f856acb27c73d83aa75d55594c,S4,3102,ok,4.540495129996998,2909,1792,400,3162.0,b1cbe9be626145bd65966559e6f89009f0a90c0fa0853516316e311a88985b79,0.4,5,5,True
27,2,S4_agentic_governed_3102|15|35e6b18f1b5561d16b2dc51912136fe805d296f856acb27c73d83aa75d55594c,S4,3102,ok,3.497783453000011,2909,1792,401,3162.0,cb57cfb73fad90bcf5ce6361703072ff703a04267b231786033db58357b0e026,0.4,5,5,True
27,3,S4_agentic_governed_3102|15|35e6b18f1b5561d16b2dc51912136fe805d296f856acb27c73d83aa75d55594c,S4,3102,ok,3.1547352369998407,2909,1792,400,3162.0,32e58dfb2b37affe8cf82f4ee44693a1597143aba50e7e5cdcc9d115c37dea83,0.4,5,5,True
27,4,S4_agentic_governed_3102|15|35e6b18f1b5561d16b2dc51912136fe805d296f856acb27c73d83aa75d55594c,S4,3102,ok,2.869690947998606,2909,1792,400,3162.0,56e596b4132df9ecbea8b188dc57069235903e9ab04c4ad97e4ca920cbfc28f9,0.4,5,5,True
28,0,S4_agentic_governed_3110|10|cec95d60bc4ce20ddbe04791cf8adfe3645e73ac7f5bdb3acf292bd7fee00b1b,S4,3110,ok,2.864684675998433,2896,0,397,3149.0,0225c72762e1cac01b7d799a5961e878acf5876c5af06cfda5e4e0782fa0ec49,0.35000000000000003,5,5,True
28,1,S4_agentic_governed_3110|10|cec95d60bc4ce20ddbe04791cf8adfe3645e73ac7f5bdb3acf292bd7fee00b1b,S4,3110,ok,3.3726123460000963,2896,1792,399,3149.0,29b00c9de2f4a8ff7e80448adb275746ab97b3ba75d5a8fbfd10f005c6225a99,0.35000000000000003,5,5,True
28,2,S4_agentic_governed_3110|10|cec95d60bc4ce20ddbe04791cf8adfe3645e73ac7f5bdb3acf292bd7fee00b1b,S4,3110,ok,3.0687818210026307,2896,1792,397,3149.0,090b2bbe006a8922fbbe09d7881b41c5dd0df4939b2c3fe86d2d95507233bcf3,0.35000000000000003,5,5,True
28,3,S4_agentic_governed_3110|10|cec95d60bc4ce20ddbe04791cf8adfe3645e73ac7f5bdb3acf292bd7fee00b1b,S4,3110,ok,4.0643513850009185,2896,1792,399,3149.0,af4a5833cf41c9ef1b5a692dee65e633d61d9050e6d815884fd9dfd36d2b8520,0.35000000000000003,5,5,True
28,4,S4_agentic_governed_3110|10|cec95d60bc4ce20ddbe04791cf8adfe3645e73ac7f5bdb3acf292bd7fee00b1b,S4,3110,ok,6.4798238549992675,2896,1792,399,3149.0,49c074367b5f339b247c0e5fdeb86464f503a6bfbea56505f1a80241341111e3,0.35000000000000003,5,5,True
29,0,S4_agentic_governed_3101|14|ceef14ffe93c4ba10374cfd3e46d0b869ce1b941dd2e4c0d61a707d802c3e6bf,S4,3101,ok,3.6819649059980293,2912,0,399,3165.0,84f57a19573815777697911f1b7e12e8dbd2bf5b5692b9fc5448fd53f8110018,0.525,5,5,True
29,1,S4_agentic_governed_3101|14|ceef14ffe93c4ba10374cfd3e46d0b869ce1b941dd2e4c0d61a707d802c3e6bf,S4,3101,ok,3.070671351000783,2912,2816,403,3165.0,4516f7fec3eae7bd4cf1c43fe56156ec828c8efa126d62d46e0241d16d7614b8,0.525,5,5,True
29,2,S4_agentic_governed_3101|14|ceef14ffe93c4ba10374cfd3e46d0b869ce1b941dd2e4c0d61a707d802c3e6bf,S4,3101,ok,3.2217227990004176,2912,2816,403,3165.0,260ac112ef6aa150210ef7079ce966e100cde5ee9aea9b427f451bf31e6f3a08,0.525,5,5,True
29,3,S4_agentic_governed_3101|14|ceef14ffe93c4ba10374cfd3e46d0b869ce1b941dd2e4c0d61a707d802c3e6bf,S4,3101,ok,3.536108210002567,2912,2816,399,3165.0,608a61064b2b17cf3eeaaf33747007a2e48a74c90be757e849e14bf6f3167310,0.525,5,5,True
29,4,S4_agentic_governed_3101|14|ceef14ffe93c4ba10374cfd3e46d0b869ce1b941dd2e4c0d61a707d802c3e6bf,S4,3101,ok,3.067119883999112,2912,2816,403,3165.0,6c410b87acf5cbd1f4883852a5506fe1bf5e6221010541351df713f881de6ddf,0.525,5,5,True
30,0,S0_agentic_governed_2107|25|2c818a06d30cde6d7931feefd2f713a5a3edb25bc4244ed2e5ef3639c44e2bf9,S0,2107,ok,4.415452312998241,2902,0,396,3155.0,8fbd01417463a564fd99029a070301e65c1e6f3c8ef11228c521fb05f5220890,0.6,5,5,True
30,1,S0_agentic_governed_2107|25|2c818a06d30cde6d7931feefd2f713a5a3edb25bc4244ed2e5ef3639c44e2bf9,S0,2107,ok,3.8840680489993247,2902,1792,399,3155.0,0d783ff96a0084a0480e0c0aedd7a4700ffac70d0b3019779f8e7c22a042c3f3,0.6,5,5,True
30,2,S0_agentic_governed_2107|25|2c818a06d30cde6d7931feefd2f713a5a3edb25bc4244ed2e5ef3639c44e2bf9,S0,2107,ok,3.163236336000409,2902,1792,397,3155.0,3dbebee29e7fe0eb996cd8f7ff30ad2702171335c8592ccfbcf21ea149d3df19,0.6,5,5,True
30,3,S0_agentic_governed_2107|25|2c818a06d30cde6d7931feefd2f713a5a3edb25bc4244ed2e5ef3639c44e2bf9,S0,2107,ok,2.967808970999613,2902,1792,398,3155.0,572696fa25e2e7a5467dfd97f812f6d18b915c06c482678a1436bbe38b270027,0.6,5,5,True
30,4,S0_agentic_governed_2107|25|2c818a06d30cde6d7931feefd2f713a5a3edb25bc4244ed2e5ef3639c44e2bf9,S0,2107,ok,3.274806608002109,2902,1792,396,3155.0,ecf5c87f10a664e52dde7a1dc5504fd7118960bade69a42d55d24d35a7383c5b,0.6,5,5,True
31,0,S1_agentic_governed_3109|23|3bbebb05dc2fa30e724f1661de40566bad0d9f457220add89baee67044d25d87,S1,3109,ok,3.274385210002947,2916,0,395,3169.0,2986c7f2d232206c90a8424d9d1af42d609fe6315491a34e9de2471bd25d5b12,0.45,5,5,True
31,1,S1_agentic_governed_3109|23|3bbebb05dc2fa30e724f1661de40566bad0d9f457220add89baee67044d25d87,S1,3109,ok,4.3743406610010425,2916,2816,398,3169.0,c81da5e01b35ba01d24e11a238c6a97080703714d37889bffddb3b2497a89bfd,0.45,5,5,True
31,2,S1_agentic_governed_3109|23|3bbebb05dc2fa30e724f1661de40566bad0d9f457220add89baee67044d25d87,S1,3109,ok,3.2635768969994388,2916,0,395,3169.0,61aa180063bc0282fa4e70b57f670a5e8cea020fb8870dc78bf62669bb9e6f7e,0.45,5,5,True
31,3,S1_agentic_governed_3109|23|3bbebb05dc2fa30e724f1661de40566bad0d9f457220add89baee67044d25d87,S1,3109,ok,3.4287031759995443,2916,2816,404,3169.0,d1f27953abf854e339f270db73ecce1a7276d148686b13e02baff1af95e55492,0.45,5,5,True
31,4,S1_agentic_governed_3109|23|3bbebb05dc2fa30e724f1661de40566bad0d9f457220add89baee67044d25d87,S1,3109,ok,2.8701429319989984,2916,2816,400,3169.0,c329b13d2c5a99908be589178d35b69d6f74188899ee2ed7d2c76add2aeed21f,0.45,5,5,True
32,0,S2_agentic_governed_2120|13|c0c1b0cbc208a083cf11e3e50857022a06e838e1590a692e4edee7aedf749ba1,S2,2120,ok,3.0015750600032334,2887,0,399,3140.0,93a3b5d3fbd3c9e2238ff77a304695a509ecf1c5b69efdbb4d7155e482167274,0.6,5,5,True
32,1,S2_agentic_governed_2120|13|c0c1b0cbc208a083cf11e3e50857022a06e838e1590a692e4edee7aedf749ba1,S2,2120,ok,3.2224045709990605,2887,1792,397,3140.0,f2b1ec129e82556b2bd54c910a50bd672e6ee04e13f606849acb8b4ff52170e6,0.6,5,5,True
32,2,S2_agentic_governed_2120|13|c0c1b0cbc208a083cf11e3e50857022a06e838e1590a692e4edee7aedf749ba1,S2,2120,ok,3.2814437759989232,2887,1792,398,3140.0,b1c696172ed64ffc1361c0ddf3755d0e32efe84457dfff3cd937ddcd73c70c98,0.6,5,5,True
32,3,S2_agentic_governed_2120|13|c0c1b0cbc208a083cf11e3e50857022a06e838e1590a692e4edee7aedf749ba1,S2,2120,ok,3.0618924480004353,2887,1792,405,3140.0,7a60e7216536c2318b93dc6294224ad0406093b69db0ac5b766a7f40e5314ab6,0.6,5,5,True
32,4,S2_agentic_governed_2120|13|c0c1b0cbc208a083cf11e3e50857022a06e838e1590a692e4edee7aedf749ba1,S2,2120,ok,3.5048358579988417,2887,1792,399,3140.0,9b14505a3abd082dbc142c7429c3f128ec366dcc8360e85499e9a043fc50d9cf,0.6,5,5,True
33,0,S2_agentic_governed_2105|16|a068dd73a90df84be22fee6afe6f28319b8c6efd5850b4618670e30c6e68125a,S2,2105,ok,2.9506224479991943,2914,0,401,3167.0,45316f62a60fbd3d65243eebadea2836980deae71dc217e9bf77a3a6891c8d13,0.5,5,5,True
33,1,S2_agentic_governed_2105|16|a068dd73a90df84be22fee6afe6f28319b8c6efd5850b4618670e30c6e68125a,S2,2105,ok,3.0158131449970824,2914,2816,399,3167.0,e4af6424b0bc64417dfc695441a82e4bf543d58a29ee027e4543c40447e8d242,0.5,5,5,True
33,2,S2_agentic_governed_2105|16|a068dd73a90df84be22fee6afe6f28319b8c6efd5850b4618670e30c6e68125a,S2,2105,ok,3.0128150529999402,2914,2816,401,3167.0,85de2da8e8b69aada388298d8e2befd17bfa422124ca4ef77cc430aa3a2e3bb7,0.5,5,5,True
33,3,S2_agentic_governed_2105|16|a068dd73a90df84be22fee6afe6f28319b8c6efd5850b4618670e30c6e68125a,S2,2105,ok,3.0537807589971635,2914,2816,400,3167.0,db904d5148d687574d1e96e0b1eb71bd6b22114e0c3058a8d5f6b3485cafe4a3,0.5,5,5,True
33,4,S2_agentic_governed_2105|16|a068dd73a90df84be22fee6afe6f28319b8c6efd5850b4618670e30c6e68125a,S2,2105,ok,3.1154690030016354,2914,2816,402,3167.0,834c189cd9d25ba77bd6abd85e046a60628f44b895ddbe7075c95e1e4a4de13e,0.5,5,5,True
34,0,S2_agentic_governed_2113|10|71ba687979c2f041cd6d47d6433f02de2aacf2ae25b4fd81a5e2ae8fe0fcfc0c,S2,2113,ok,3.4248066039981495,2914,0,403,3167.0,9ac8cbe5146df7e773782928d6d01d2392af7bf203fd37ea6561dfc23b7d0b8c,0.35000000000000003,5,5,True
34,1,S2_agentic_governed_2113|10|71ba687979c2f041cd6d47d6433f02de2aacf2ae25b4fd81a5e2ae8fe0fcfc0c,S2,2113,ok,2.9953425470012007,2914,2816,397,3167.0,0a8d812c89e511f9c4abe4c53f1ef9be35a3496d28ef23f157bf7abfc23547eb,0.35000000000000003,5,5,True
34,2,S2_agentic_governed_2113|10|71ba687979c2f041cd6d47d6433f02de2aacf2ae25b4fd81a5e2ae8fe0fcfc0c,S2,2113,ok,2.8028707609992125,2914,2816,401,3167.0,01e8d0f4467b79b03207adf569c36b742a146344db829924fa7539431978d37e,0.35000000000000003,5,5,True
34,3,S2_agentic_governed_2113|10|71ba687979c2f041cd6d47d6433f02de2aacf2ae25b4fd81a5e2ae8fe0fcfc0c,S2,2113,ok,3.486849634999089,2914,2816,400,3167.0,bec86915ca537e37fbb6a391b236be29e50cb96fb5aedf73709f07517153d95a,0.35000000000000003,5,5,True
34,4,S2_agentic_governed_2113|10|71ba687979c2f041cd6d47d6433f02de2aacf2ae25b4fd81a5e2ae8fe0fcfc0c,S2,2113,ok,3.329680949998874,2914,2816,403,3167.0,d78c2ce691eb45cab9c2bb9c0e467c57edfa73a3b221aa36efebaca70aa5ba72,0.35000000000000003,5,5,True
35,0,S3_agentic_governed_2116|11|1eeeb12ee0dfa13b7749cd54742c321dd220086359b0955a8fc881f09b03515b,S3,2116,ok,2.9501842909994593,2839,0,407,3092.0,0196595afd5af5923c39cb8db1d9043d925806ba52dc0ea926079beaf6a37c37,0.55,5,5,True
35,1,S3_agentic_governed_2116|11|1eeeb12ee0dfa13b7749cd54742c321dd220086359b0955a8fc881f09b03515b,S3,2116,ok,4.622236704999523,2839,1792,407,3092.0,5a5da9ba40d18862a410f2b4742aa538c18e4ba0c47fe8608bf7ffe2a80a7d32,0.55,5,5,True
35,2,S3_agentic_governed_2116|11|1eeeb12ee0dfa13b7749cd54742c321dd220086359b0955a8fc881f09b03515b,S3,2116,ok,5.108465237000928,2839,0,407,3092.0,8951f63388a9ea87eeca447768caf331ff375440647534fdd058c63f61fecb88,0.55,5,5,True
35,3,S3_agentic_governed_2116|11|1eeeb12ee0dfa13b7749cd54742c321dd220086359b0955a8fc881f09b03515b,S3,2116,ok,5.126384089999192,2839,1792,407,3092.0,dc9728df05d752606294b1190f9d9d804084cdcc16582ba3a32434fce105778f,0.55,5,5,True
35,4,S3_agentic_governed_2116|11|1eeeb12ee0dfa13b7749cd54742c321dd220086359b0955a8fc881f09b03515b,S3,2116,ok,3.0295159349989262,2839,1792,407,3092.0,db7ee998895e1e0bf82c321cb6f781504a8f83468bb61940e4c860a13f304017,0.55,5,5,True
36,0,S3_agentic_governed_2115|14|8f2206f3f1b873baa203b40c40b7f3c1b80be6bb5616bfa1e5ed22eef385a587,S3,2115,ok,3.8330860899986874,2911,0,397,3164.0,664a940a1eb4e73b1eb1aca1f358e96709544449ae11c7fd9bdbecbf187b8a2c,0.6,5,5,True
36,1,S3_agentic_governed_2115|14|8f2206f3f1b873baa203b40c40b7f3c1b80be6bb5616bfa1e5ed22eef385a587,S3,2115,ok,3.573482290998072,2911,2816,397,3164.0,829c8c7c2283b7718dbec51e4fa59c887d7b830d58b05585443fc99c4164ef69,0.6,5,5,True
36,2,S3_agentic_governed_2115|14|8f2206f3f1b873baa203b40c40b7f3c1b80be6bb5616bfa1e5ed22eef385a587,S3,2115,ok,2.811495523001213,2911,2816,398,3164.0,2463ffd5da234ae7e70ef47a966b66cbbaf6b89d409f1567e9355e972a633816,0.6,5,5,True
36,3,S3_agentic_governed_2115|14|8f2206f3f1b873baa203b40c40b7f3c1b80be6bb5616bfa1e5ed22eef385a587,S3,2115,ok,2.9053700889999163,2911,2816,397,3164.0,fe632af02784f6114ecac68dccce17e0a282bde1f74f1c1b21a1db6e34137bdf,0.6,5,5,True
36,4,S3_agentic_governed_2115|14|8f2206f3f1b873baa203b40c40b7f3c1b80be6bb5616bfa1e5ed22eef385a587,S3,2115,ok,5.564529850998952,2911,2816,398,3164.0,bd362ff1412bbabb58d06fbe0da30b609e17fa1d89a191834e57a3f4cf145cb5,0.6,5,5,True
37,0,S3_agentic_governed_2109|17|87dd1b88264210d85103a2934b7db94c3000e8c566891395b6b739fec71ddb4b,S3,2109,ok,3.5647709490003763,2907,0,407,3160.0,d6b11f920c9ee92f81e0d49e3cffbedccda728c9d9f1889e86797498bec76d0d,0.475,5,5,True
37,1,S3_agentic_governed_2109|17|87dd1b88264210d85103a2934b7db94c3000e8c566891395b6b739fec71ddb4b,S3,2109,ok,3.9201027740018617,2907,1792,397,3160.0,b5b0337f2a189f98de15353e838de9d6de8bbec70e51e42b75ff241d50e988a8,0.475,5,5,True
37,2,S3_agentic_governed_2109|17|87dd1b88264210d85103a2934b7db94c3000e8c566891395b6b739fec71ddb4b,S3,2109,ok,5.039623994001886,2907,1792,401,3160.0,0c2236b31324cfc9cb729960f658404e5665baf100ec62a84accc39334046667,0.475,5,5,True
37,3,S3_agentic_governed_2109|17|87dd1b88264210d85103a2934b7db94c3000e8c566891395b6b739fec71ddb4b,S3,2109,ok,2.915749099000095,2907,1792,399,3160.0,ac399ffa5b1cf4ea265c21103dbaf5a6f507941c514768d334fcb24507d1a3dc,0.475,5,5,True
37,4,S3_agentic_governed_2109|17|87dd1b88264210d85103a2934b7db94c3000e8c566891395b6b739fec71ddb4b,S3,2109,ok,3.1044654870020167,2907,1792,401,3160.0,59feba52fe61457cb544bef731e5ad42c5a20e46147c6244606256f1e66bc502,0.475,5,5,True
38,0,S3_agentic_governed_2106|10|d525a6c613ed13ee41bb4bff17d537231689f411222e036c79e21406fc3da9fd,S3,2106,ok,3.27851298600217,2913,0,393,3166.0,5cece0771af18d0ac3d805549dfcea4f2a5614aa28c73aaadf85b4869465335a,0.675,5,5,True
38,1,S3_agentic_governed_2106|10|d525a6c613ed13ee41bb4bff17d537231689f411222e036c79e21406fc3da9fd,S3,2106,ok,3.255879858003027,2913,2816,398,3166.0,ceae85294145329c108081f2809172c6cfde70277d976b7cdf9d87e708ae07c4,0.675,5,5,True
38,2,S3_agentic_governed_2106|10|d525a6c613ed13ee41bb4bff17d537231689f411222e036c79e21406fc3da9fd,S3,2106,ok,3.2710064310012967,2913,2816,395,3166.0,280cbd418fc34df3c0b7996888729ad87bc568137884403ca3d0e9869e25fa18,0.675,5,5,True
38,3,S3_agentic_governed_2106|10|d525a6c613ed13ee41bb4bff17d537231689f411222e036c79e21406fc3da9fd,S3,2106,ok,3.7067639000015333,2913,2816,395,3166.0,ec147e55088ba934079a9d7a923d6cd1baf78f2237ca85fcad260a0279734382,0.675,5,5,True
38,4,S3_agentic_governed_2106|10|d525a6c613ed13ee41bb4bff17d537231689f411222e036c79e21406fc3da9fd,S3,2106,ok,5.069688097002654,2913,2816,398,3166.0,9892a61b3eeb90ec9fefc39351f9dcbe6651fc5cf18eac940de19538796142a4,0.675,5,5,True
39,0,S4_agentic_governed_3109|10|34dd42cd7429521ff0349df72b610ff1c3975963d81deaeddbb15f4c8aae39bf,S4,3109,ok,3.171467785999994,2839,0,407,3092.0,f7260a62ae087d7431a0a054bbd4706b5a6a288446c7538a4a5101ad3d64c5d3,0.7000000000000001,5,5,True
39,1,S4_agentic_governed_3109|10|34dd42cd7429521ff0349df72b610ff1c3975963d81deaeddbb15f4c8aae39bf,S4,3109,ok,4.25941679600146,2839,1792,413,3092.0,86334a13cdce4666c0017bc72e8a101e65b60af743d5f0549a5be289e9c81cb5,0.7000000000000001,5,5,True
39,2,S4_agentic_governed_3109|10|34dd42cd7429521ff0349df72b610ff1c3975963d81deaeddbb15f4c8aae39bf,S4,3109,ok,3.3075597349998134,2839,1792,407,3092.0,ca97bc3f436e4615299208f9da1645a8de2ecff89b198dc325a2b0f3676dc923,0.7000000000000001,5,5,True
39,3,S4_agentic_governed_3109|10|34dd42cd7429521ff0349df72b610ff1c3975963d81deaeddbb15f4c8aae39bf,S4,3109,ok,4.73235439400014,2839,1792,407,3092.0,60a3843323a7480b3cf10905c46ed69be9008856769bcf5454eeed62c1ea19bd,0.7000000000000001,5,5,True
39,4,S4_agentic_governed_3109|10|34dd42cd7429521ff0349df72b610ff1c3975963d81deaeddbb15f4c8aae39bf,S4,3109,ok,5.732736968999234,2839,1792,407,3092.0,8790860a21575d9cb15b1323cf32a553df1fb92142b3bf4765fa2e0fd246332c,0.7000000000000001,5,5,True
40,0,S4_agentic_governed_3107|15|944ed09daa3634e11214507f56e37ee219384270ca5c94b9bb04fc2619fe929a,S4,3107,ok,3.3436032899990096,2905,0,398,3158.0,37894b0471e68e2ab42b07a4f633d269e8d4a3b08ac1b0b99ec8f68d8454521d,0.5,5,5,True
40,1,S4_agentic_governed_3107|15|944ed09daa3634e11214507f56e37ee219384270ca5c94b9bb04fc2619fe929a,S4,3107,ok,3.4526491329997953,2905,1792,398,3158.0,026e8e9bc9f591d1ba728cbbb452e2b48aebcc984d3c23d52f66081a5a25a039,0.5,5,5,True
40,2,S4_agentic_governed_3107|15|944ed09daa3634e11214507f56e37ee219384270ca5c94b9bb04fc2619fe929a,S4,3107,ok,3.1444325449992903,2905,1792,404,3158.0,e7f021fff82a99ed46cef8330d7f589cb12e1195863ee005bf323f6f50f469af,0.5,5,5,True
40,3,S4_agentic_governed_3107|15|944ed09daa3634e11214507f56e37ee219384270ca5c94b9bb04fc2619fe929a,S4,3107,ok,6.057175450001523,2905,1792,398,3158.0,bb3db4e08e999ceac8a3bff07b7e3e1521577565d67ec3d302f29c2555bbf258,0.5,5,5,True
40,4,S4_agentic_governed_3107|15|944ed09daa3634e11214507f56e37ee219384270ca5c94b9bb04fc2619fe929a,S4,3107,ok,3.0202876170005766,2905,1792,396,3158.0,926ea8cacd39d1a3d17bbd0a2ca6896c3769665a400bfbcd86422e0c5de523c8,0.5,5,5,True
41,0,S4_agentic_governed_3105|13|415d5c5c4e83ad42832a91b139b2895224892d88237e7e520ef59e3c2224d968,S4,3105,ok,2.979706835001707,2904,0,403,3157.0,e81bb93a9a8c76446fd8751082fae2857b02ce6c614ab63dacb83cefc2d0dd73,0.4,5,5,True
41,1,S4_agentic_governed_3105|13|415d5c5c4e83ad42832a91b139b2895224892d88237e7e520ef59e3c2224d968,S4,3105,ok,3.4664585200007423,2904,1792,403,3157.0,452476609a285e5ff762bf9d40bccfbe7520847c2a3be52488c4aec22333b176,0.4,5,5,True
41,2,S4_agentic_governed_3105|13|415d5c5c4e83ad42832a91b139b2895224892d88237e7e520ef59e3c2224d968,S4,3105,ok,3.006195777998073,2904,1792,402,3157.0,84bbf8a8dfde62a569d95b7d0fceaa472ecd9f2b6ff7b6d2ad3d3dc50516d2e8,0.4,5,5,True
41,3,S4_agentic_governed_3105|13|415d5c5c4e83ad42832a91b139b2895224892d88237e7e520ef59e3c2224d968,S4,3105,ok,3.44007214299927,2904,1792,399,3157.0,45fa05dfb80830fbbf5da9ee5e200ee69cc4bfd99cf19f150f19750482e1b5de,0.4,5,5,True
41,4,S4_agentic_governed_3105|13|415d5c5c4e83ad42832a91b139b2895224892d88237e7e520ef59e3c2224d968,S4,3105,ok,5.228975496000203,2904,1792,401,3157.0,86bb7104eb77dab3d971d59e140e151bf0cc2aa61c286e3cb09a1d4f345ae279,0.4,5,5,True
42,0,S4_agentic_governed_3106|9|44534bb334f24699c9cbc37195d7c2517c6d2ba9f25c3de18737667866811a42,S4,3106,ok,2.8563429579990043,2910,0,397,3163.0,be6c5c36bbb264b5380c82416b6c4b969875ac869e918d27aebfaa9de15a11dc,0.42500000000000004,5,5,True
42,1,S4_agentic_governed_3106|9|44534bb334f24699c9cbc37195d7c2517c6d2ba9f25c3de18737667866811a42,S4,3106,ok,2.9682856680010445,2910,1792,400,3163.0,effa6dff78042bc1b103409bd49deb8b99fe15da2b27d27b66def58fdd7cb134,0.42500000000000004,5,5,True
42,2,S4_agentic_governed_3106|9|44534bb334f24699c9cbc37195d7c2517c6d2ba9f25c3de18737667866811a42,S4,3106,ok,2.793329004001862,2910,1792,399,3163.0,6090eee5116d862fa74a2e72ffb7558f2e8fc74ade902b2844eacbe76e1e95c0,0.42500000000000004,5,5,True
42,3,S4_agentic_governed_3106|9|44534bb334f24699c9cbc37195d7c2517c6d2ba9f25c3de18737667866811a42,S4,3106,ok,3.236128868000378,2910,1792,397,3163.0,4cff1e19650edad597446c607542f4bb86ae3a0ef17b480caa746ae2fcb670a8,0.42500000000000004,5,5,True
42,4,S4_agentic_governed_3106|9|44534bb334f24699c9cbc37195d7c2517c6d2ba9f25c3de18737667866811a42,S4,3106,ok,2.886629937998805,2910,1792,399,3163.0,781704e86dcf1f823212f63d7c31f856d5de3fbcb6cc9d1f0f02db5a9833fc2f,0.42500000000000004,5,5,True
43,0,S4_agentic_governed_3102|10|4f506a3ad82f92b70059fe6888c9a2e6b6edcd450a99ec4dd98180a9f82658fd,S4,3102,ok,3.1534637110016774,2914,0,399,3167.0,3cda7011ea77d41c02da9d20e64f20e60adbce72ce586c0c3f86a67225c4b862,0.6,5,5,True
43,1,S4_agentic_governed_3102|10|4f506a3ad82f92b70059fe6888c9a2e6b6edcd450a99ec4dd98180a9f82658fd,S4,3102,ok,2.918580902998656,2914,2816,402,3167.0,e7f15cb2724539322d2a0bf9cd8767822a9be6a96bba269ce0d954c130d13fef,0.6,5,5,True
43,2,S4_agentic_governed_3102|10|4f506a3ad82f92b70059fe6888c9a2e6b6edcd450a99ec4dd98180a9f82658fd,S4,3102,ok,3.0022998380009085,2914,2816,402,3167.0,4f6aee328c9b1f7e356ecaf7ea380fe64a4188e59becb58d1c82e358601712d8,0.6,5,5,True
43,3,S4_agentic_governed_3102|10|4f506a3ad82f92b70059fe6888c9a2e6b6edcd450a99ec4dd98180a9f82658fd,S4,3102,ok,2.950494216998777,2914,2816,397,3167.0,2eb035122df064778092de8934d527098697c1a7bb16ddf7289e2da626d37cc8,0.6,5,5,True
43,4,S4_agentic_governed_3102|10|4f506a3ad82f92b70059fe6888c9a2e6b6edcd450a99ec4dd98180a9f82658fd,S4,3102,ok,3.000453362998087,2914,2816,400,3167.0,228e91d77b90d94eca1363e77e77ec0e55d5702fc62e23b9378282d2ff037ab0,0.6,5,5,True
44,0,S4_agentic_governed_3109|13|3bf412136ea6381015b302c888317ec34d62273c448f2a2e23801ca6300e3e25,S4,3109,ok,3.991392200001428,2910,0,402,3163.0,037288017922c2fb711bd4f7832de33346527e513176f77eba187e99231d0224,0.45,5,5,True
44,1,S4_agentic_governed_3109|13|3bf412136ea6381015b302c888317ec34d62273c448f2a2e23801ca6300e3e25,S4,3109,ok,3.476984499997343,2910,1792,399,3163.0,3cd82a69e7c79f3d99c57e08ba9408a5037204d46ca75e0b5f22275a5db22a9f,0.45,5,5,True
44,2,S4_agentic_governed_3109|13|3bf412136ea6381015b302c888317ec34d62273c448f2a2e23801ca6300e3e25,S4,3109,ok,3.278071907996491,2910,1792,403,3163.0,0b06dda51c97a97a3e2296d540113c5372a83d32bccd639631668c8ad27b090f,0.45,5,5,True
44,3,S4_agentic_governed_3109|13|3bf412136ea6381015b302c888317ec34d62273c448f2a2e23801ca6300e3e25,S4,3109,ok,5.626726937000058,2910,1792,401,3163.0,a1ecb67cbfa4ee5b81d4ec43dfef9102c9815420a316943d696e2cac26250eb6,0.45,5,5,True
44,4,S4_agentic_governed_3109|13|3bf412136ea6381015b302c888317ec34d62273c448f2a2e23801ca6300e3e25,S4,3109,ok,3.3874490979978873,2910,1792,402,3163.0,d02043e4acdc5995695e35da6688e29f6b6281359edad319d12f88e6a50e9bfc,0.45,5,5,True
45,0,S0_agentic_governed_2119|8|931798280d9fb310f6e2d0a9e1abcc7fde7c6e1c55b5bcea8c68e3329e87eeda,S0,2119,ok,4.557204206001188,2913,0,399,3166.0,45a491e871b9ff2fbf0de03bcc929c461cc8066ffaaf78cfa1ace01947d7ec2f,0.375,5,5,True
45,1,S0_agentic_governed_2119|8|931798280d9fb310f6e2d0a9e1abcc7fde7c6e1c55b5bcea8c68e3329e87eeda,S0,2119,ok,5.641368978001992,2913,2816,405,3166.0,12f73ebe9511ab6afdd55f0a4c8b8611322ec434ee0d3d2c306a9b6a51d33913,0.375,5,5,True
45,2,S0_agentic_governed_2119|8|931798280d9fb310f6e2d0a9e1abcc7fde7c6e1c55b5bcea8c68e3329e87eeda,S0,2119,ok,3.0819419479994394,2913,2816,399,3166.0,888abc0a9fcaa5ca7297e0ffb9b33a9fe118d926742b11b50b0d474f517c424c,0.375,5,5,True
45,3,S0_agentic_governed_2119|8|931798280d9fb310f6e2d0a9e1abcc7fde7c6e1c55b5bcea8c68e3329e87eeda,S0,2119,ok,3.186200263997307,2913,0,401,3166.0,69e821581cfe2628e7a62d544af54b120dd92904802b30ccf413b674e3056d45,0.375,5,5,True
45,4,S0_agentic_governed_2119|8|931798280d9fb310f6e2d0a9e1abcc7fde7c6e1c55b5bcea8c68e3329e87eeda,S0,2119,ok,3.171999242000311,2913,2816,401,3166.0,208e288208e57d1ba495574ea6e3116ec720443467e003806dd46e9e1155cd6b,0.375,5,5,True
46,0,S1_agentic_governed_3105|9|66b767447026ce3137afe63512d574c1b0d97ada73e663baf4b55b3c4d26f73b,S1,3105,ok,3.9096198480001476,2911,0,398,3164.0,84b3233d9116aca3947eccfb3709a744060f2cd7447f60131aa59ec79b2ca73d,0.6,5,5,True
46,1,S1_agentic_governed_3105|9|66b767447026ce3137afe63512d574c1b0d97ada73e663baf4b55b3c4d26f73b,S1,3105,ok,2.8448922530005802,2911,2816,393,3164.0,3dbde7a054b42848260cca2bffb69e6d1cd93e7ab33834c3c8ad3cafbed1fd3c,0.6,5,5,True
46,2,S1_agentic_governed_3105|9|66b767447026ce3137afe63512d574c1b0d97ada73e663baf4b55b3c4d26f73b,S1,3105,ok,3.2727607449996867,2911,2816,398,3164.0,59f2247697f44ef19d6cf6de356fb53f68b9f1c14a4d74485599c6068bcf1211,0.6,5,5,True
46,3,S1_agentic_governed_3105|9|66b767447026ce3137afe63512d574c1b0d97ada73e663baf4b55b3c4d26f73b,S1,3105,ok,4.348684559001413,2911,2816,396,3164.0,202453746da1398a7e04e76a42c79047966e678e7368482a34c58cbdb9d732a8,0.6,5,5,True
46,4,S1_agentic_governed_3105|9|66b767447026ce3137afe63512d574c1b0d97ada73e663baf4b55b3c4d26f73b,S1,3105,ok,3.015483970000787,2911,2816,400,3164.0,0ddfdb521ad35e81369f6cc0553781301b5ce747b75a4f97124c2160fb8c4b1d,0.6,5,5,True
47,0,S2_agentic_governed_2101|13|214b194075350adc19118fe29f0658abcd0e44c41e145a9f3a3e820f8ff07ad2,S2,2101,ok,3.056742723001662,2896,0,400,3149.0,9f487939852391e2b172508241f5773374c6d43305ff2901c675ba3438f5352d,0.85,5,5,True
47,1,S2_agentic_governed_2101|13|214b194075350adc19118fe29f0658abcd0e44c41e145a9f3a3e820f8ff07ad2,S2,2101,ok,2.9853773659997387,2896,1792,400,3149.0,2ff6e8b818ae2184b24f1af958b59c0590675510358f6a2c46fdd12c28705b0f,0.85,5,5,True
47,2,S2_agentic_governed_2101|13|214b194075350adc19118fe29f0658abcd0e44c41e145a9f3a3e820f8ff07ad2,S2,2101,ok,2.922256469999411,2896,1792,393,3149.0,12673ffe5d85a76db44383c4b902ad55f6cfd9c97ee2ed884574fdf50484e1b2,0.85,5,5,True
47,3,S2_agentic_governed_2101|13|214b194075350adc19118fe29f0658abcd0e44c41e145a9f3a3e820f8ff07ad2,S2,2101,ok,3.355177828001615,2896,1792,400,3149.0,2cb641f5097d33c9898b29fc73d6d83b09abf56edde502a7c6cdef3807e1506b,0.85,5,5,True
47,4,S2_agentic_governed_2101|13|214b194075350adc19118fe29f0658abcd0e44c41e145a9f3a3e820f8ff07ad2,S2,2101,ok,3.239544266998564,2896,1792,397,3149.0,681e16b08edaff24d027ee8c9a6624bd7ce23933d7b6e6b2517ae34b56690ee7,0.85,5,5,True
48,0,S2_agentic_governed_2114|26|9adbcea170301d51b423d67cc6e95bb8bf8e2bbd1197158a5a08317adc12d5aa,S2,2114,ok,3.0128423719979764,2910,0,399,3163.0,b0715992bb1c00933836cec49c8c09f359f463201dd0996549f5255419942468,0.30000000000000004,4,4,False
48,1,S2_agentic_governed_2114|26|9adbcea170301d51b423d67cc6e95bb8bf8e2bbd1197158a5a08317adc12d5aa,S2,2114,InvalidSupervisorResponseError,3.4351003140000103,2910,0,391,,,0.30000000000000004,4,4,False
48,2,S2_agentic_governed_2114|26|9adbcea170301d51b423d67cc6e95bb8bf8e2bbd1197158a5a08317adc12d5aa,S2,2114,ok,3.9639124919995083,2910,1792,397,3163.0,a2f02a12f69e518f54c0fb2a22864e6b8afff398358847d344c0ffaa4e49576a,0.30000000000000004,4,4,False
48,3,S2_agentic_governed_2114|26|9adbcea170301d51b423d67cc6e95bb8bf8e2bbd1197158a5a08317adc12d5aa,S2,2114,ok,3.325062733998493,2910,1792,395,3163.0,695f251ce429df151d53e47aaa8878287d7d9695af6de7df63f2923d02e05d48,0.30000000000000004,4,4,False
48,4,S2_agentic_governed_2114|26|9adbcea170301d51b423d67cc6e95bb8bf8e2bbd1197158a5a08317adc12d5aa,S2,2114,ok,3.0514144449989544,2910,1792,399,3163.0,105bae13e941d53a439ff2fe105e2f72a0a534db7c8eb9c26d19f28e70a4ceb8,0.30000000000000004,4,4,False
49,0,S2_agentic_governed_2107|10|9d3a1fa34c4415db0e4b69e683579b8ff2fd7f16fee6943c122a72d6f6078592,S2,2107,ok,3.080151174999628,2894,0,404,3147.0,d1c718e83716a0f798622d9d129a3a1812dceda20d2143316e5e67f79c450e92,0.575,5,5,True
49,1,S2_agentic_governed_2107|10|9d3a1fa34c4415db0e4b69e683579b8ff2fd7f16fee6943c122a72d6f6078592,S2,2107,ok,4.693537510000169,2894,1792,403,3147.0,af4c80400fbfa58bf45b2a4243814bac049e638fa3d354c1422cf2093cad6f6c,0.575,5,5,True
49,2,S2_agentic_governed_2107|10|9d3a1fa34c4415db0e4b69e683579b8ff2fd7f16fee6943c122a72d6f6078592,S2,2107,ok,3.395288340998377,2894,1792,404,3147.0,6c701a8f750752ab1afad2297ce858e56054e50bc718cbe6c40a428441f79086,0.575,5,5,True
49,3,S2_agentic_governed_2107|10|9d3a1fa34c4415db0e4b69e683579b8ff2fd7f16fee6943c122a72d6f6078592,S2,2107,ok,3.1548178150005697,2894,1792,403,3147.0,5c90aade3245ddadbf08f0f209b31e607595a1df11191902ae54de98ba8b65f3,0.575,5,5,True
49,4,S2_agentic_governed_2107|10|9d3a1fa34c4415db0e4b69e683579b8ff2fd7f16fee6943c122a72d6f6078592,S2,2107,ok,3.3117865230015013,2894,1792,401,3147.0,ee76c7083dcded35580d035521183db44434e0298cc2688f4f7de12aa9645d10,0.575,5,5,True
